{
    "model": "ARIMA",
    "timestamp": "20250121_012506",
    "order": [
        0,
        0,
        0
    ],
    "seasonal_order": [
        0,
        1,
        0,
        24
    ],
    "resample_freq": "H",
    "MAE": 128.21933520321952,
    "RMSE": 211.2112757148997,
    "MAPE": 72.14125471740971,
    "SMAPE": 152.8291995108035
}