{
    "model": "ARIMA",
    "timestamp": "20241217_213245",
    "order": [
        2,
        0,
        0
    ],
    "seasonal_order": [
        0,
        0,
        0,
        24
    ],
    "MAE": 168.69830003367971,
    "RMSE": 248.32756941791382,
    "MAPE": 86.14784638593093
}